{
  "project_info": {
    "project_number": "982736977832",
    "project_id": "tarareceipt",
    "storage_bucket": "tarareceipt.appspot.com"
  },
  "client": [
    {
      "client_info": {
        "mobilesdk_app_id": "1:982736977832:android:da49a57573a2f453a0a79d",
        "android_client_info": {
          "package_name": "codionics.com.tara_receipt"
        }
      },
      "oauth_client": [
        {
          "client_id": "982736977832-mvqjrc0c7qlna1e616rs7beg59m6feud.apps.googleusercontent.com",
          "client_type": 1,
          "android_info": {
            "package_name": "codionics.com.tara_receipt",
            "certificate_hash": "e6f0102982dd0f6fce8b6268e37e7e3537199148"
          }
        },
        {
          "client_id": "982736977832-njashrgkmvoatb068uikf8sotqu5cpik.apps.googleusercontent.com",
          "client_type": 1,
          "android_info": {
            "package_name": "codionics.com.tara_receipt",
            "certificate_hash": "91329424e865835b45feea7c45d7c34c79ae403e"
          }
        },
        {
          "client_id": "982736977832-cp4j49bau644tlcbu8c7f2r2nks3eojv.apps.googleusercontent.com",
          "client_type": 3
        }
      ],
      "api_key": [
        {
          "current_key": "AIzaSyCxZz6eigyFwixclZ7P__HqgDQdZI6aH4I"
        }
      ],
      "services": {
        "appinvite_service": {
          "other_platform_oauth_client": [
            {
              "client_id": "982736977832-cp4j49bau644tlcbu8c7f2r2nks3eojv.apps.googleusercontent.com",
              "client_type": 3
            }
          ]
        }
      }
    }
  ],
  "configuration_version": "1"
}